{
  "container": {
    "width": 1000,
    "height": 600
  },
  "utilization": 0.024999997823803764,
  "n_placed": 1,
  "total_pieces": 5,
  "execution_time": 7.500572681427002,
  "pieces": [
    {
      "id": 0,
      "position": {
        "x": 99.45447281718249,
        "y": 107.78395119017632
      },
      "rotation": 310.0,
      "vertices": [
        [
          12.943183898925781,
          133.097900390625
        ],
        [
          109.361328125,
          18.191238403320312
        ],
        [
          185.96575927734375,
          82.47000122070312
        ],
        [
          89.54762268066406,
          197.3766632080078
        ]
      ],
      "area": 14999.998694282258
    }
  ]
}