{
  "container": {
    "width": 1000,
    "height": 600
  },
  "utilization": 0.009999999756519391,
  "n_placed": 1,
  "total_pieces": 2,
  "execution_time": 4.9241063594818115,
  "pieces": [
    {
      "id": 0,
      "position": {
        "x": 93.63116444380054,
        "y": 105.95203530505991
      },
      "rotation": 310.0,
      "vertices": [
        [
          38.51045227050781,
          124.97062683105469
        ],
        [
          102.78921508789062,
          48.36618423461914
        ],
        [
          148.7518768310547,
          86.93344116210938
        ],
        [
          84.47311401367188,
          163.5378875732422
        ]
      ],
      "area": 5999.999853911635
    }
  ]
}